{
  "first_test_year": 2011,
  "last_test_year": 2021,
  "validation_years": 2,
  "years_evaluated": 11,
  "feature_set": "profile",
  "apex_plus_factor": 3.5,
  "headline_model": "raw_apex",
  "promotion_status": "profile-only raw APEX is the public/default model; APEX+ and NCAA production are experimental",
  "primary_metric": "delta_raw_vs_pick_spearman_drafted",
  "apex_raw_vs_pick": {
    "mean": 0.011727415129809772,
    "median": 0.013784795360499258,
    "min": -0.03279292292185043,
    "max": 0.0423689465561321,
    "win_rate": 0.7272727272727273,
    "n": 11,
    "bootstrap_ci": {
      "mean": 0.011727415129809772,
      "lo": -0.0012068999035586608,
      "hi": 0.023836415507057916,
      "n": 11
    }
  },
  "apex_plus_vs_pick": {
    "mean": -0.026215366353214954,
    "median": -0.04593783515446037,
    "min": -0.08991760615331201,
    "max": 0.03457625525025454,
    "win_rate": 0.36363636363636365,
    "n": 11,
    "bootstrap_ci": {
      "mean": -0.026215366353214954,
      "lo": -0.049644892250564905,
      "hi": -0.0016182934222243113,
      "n": 11
    }
  },
  "apex_plus_vs_raw": {
    "mean": -0.037942781483024726,
    "median": -0.043543921894608095,
    "min": -0.06991877204356545,
    "max": -0.0041936400707077715,
    "win_rate": 0.0,
    "n": 11,
    "bootstrap_ci": {
      "mean": -0.037942781483024726,
      "lo": -0.051398243511012326,
      "hi": -0.023605361735317708,
      "n": 11
    }
  },
  "best_year": {
    "test_year": 2015,
    "delta_raw_vs_pick_spearman_drafted": 0.0423689465561321
  },
  "worst_year": {
    "test_year": 2011,
    "delta_raw_vs_pick_spearman_drafted": -0.03279292292185043
  },
  "data_end_year": 2021
}