{
  "first_test_year": 2011,
  "last_test_year": 2021,
  "validation_years": 2,
  "years_evaluated": 11,
  "feature_set": "profile",
  "apex_plus_factor": 3.5,
  "headline_model": "raw_apex",
  "promotion_status": "profile-only raw APEX is the public/default model; APEX+ and NCAA production are experimental",
  "primary_metric": "delta_raw_vs_pick_spearman_drafted",
  "apex_raw_vs_pick": {
    "mean": 0.014632357374862853,
    "median": 0.01807807013163676,
    "min": -0.017668774887710237,
    "max": 0.038652463752573585,
    "win_rate": 0.8181818181818182,
    "n": 11,
    "bootstrap_ci": {
      "mean": 0.014632357374862853,
      "lo": 0.004581186524692541,
      "hi": 0.023544573312117102,
      "n": 11
    }
  },
  "apex_plus_vs_pick": {
    "mean": 0.005280449322180969,
    "median": 0.008090008188167297,
    "min": -0.048409946355855826,
    "max": 0.056407485375911226,
    "win_rate": 0.5454545454545454,
    "n": 11,
    "bootstrap_ci": {
      "mean": 0.005280449322180969,
      "lo": -0.012186831206089963,
      "hi": 0.02266008052035055,
      "n": 11
    }
  },
  "apex_plus_vs_raw": {
    "mean": -0.009351908052681884,
    "median": -0.011643542730943923,
    "min": -0.03074117146814559,
    "max": 0.01775502162333764,
    "win_rate": 0.2727272727272727,
    "n": 11,
    "bootstrap_ci": {
      "mean": -0.009351908052681884,
      "lo": -0.018758735064909653,
      "hi": 0.0006786379739946634,
      "n": 11
    }
  },
  "best_year": {
    "test_year": 2014,
    "delta_raw_vs_pick_spearman_drafted": 0.038652463752573585
  },
  "worst_year": {
    "test_year": 2011,
    "delta_raw_vs_pick_spearman_drafted": -0.017668774887710237
  },
  "data_end_year": 2021
}